Nation_ID,Nation_name,M0_k1,M0_k2,M0_k3,M0_k4,M0_k5,M0_k6,M0_k7,M0_k8,M0_k9,M1_k1,M1_k2,M1_k3,M1_k4,M1_k5,M1_k6,M1_k7,M1_k8,M1_k9,M2_k1,M2_k2,M2_k3,M2_k4,M2_k5,M2_k6,M2_k7,M2_k8,M2_k9,M0_education_max,M0_education_dropout,M0_health_chronic,M0_health_visit,M0_employment,M0_assets,M0_services,M0_electricity,M0_cooking_fuel,M0_water,M0_toilet,M0_land,M0_livestock,M0_rural_equip,M1_education_max,M1_education_dropout,M1_health_chronic,M1_health_visit,M1_employment,M1_assets,M1_services,M1_electricity,M1_cooking_fuel,M1_water,M1_toilet,M1_land,M1_livestock,M1_rural_equip,M2_education_max,M2_education_dropout,M2_health_chronic,M2_health_visit,M2_employment,M2_assets,M2_services,M2_electricity,M2_cooking_fuel,M2_water,M2_toilet,M2_land,M2_livestock,M2_rural_equip
1,Zimbabwe,0.425162,0.41780819,0.38164371,0.28032199,0.15159808,0.06742267,0.0274383,0.01147692,0.0054718,0.24833065,0.24407323,0.22306943,0.16316184,0.08728729,0.03835346,0.01543294,0.00631062,0.00297417,0.20160191,0.19802755,0.18102573,0.13300442,0.07197016,0.03214546,0.01330721,0.00558084,0.00264902,0.21113342,0.01778244,0.47673138,0.21685699,0,0.76499646,0.65883564,0.2905112,0.48087839,0.195269,0.19342118,0.05121064,0.28124311,0.20181497,0.10701983,0.01846576,0.23836569,0.1084285,0,0.61371095,0.28804927,0.08715336,0.24043919,0.14990529,0.09691151,0.05966817,0.29138539,0.06054449,0.0370912,0.01491128,0.23836569,0.1084285,0,0.5380682,0.11579073,0.08715336,0.24043919,0.09637248,0.04865667,0.05910326,0.27113853,0.06054449
